Dataset,Estrutura,Operacao,TamanhoN,TempoTotal_s,TempoMedio_ns,Rotacoes,Comparacoes,Memoria,Altura,Dimensao,Observacao
Aleatorio,AVL,Insercao,100,0.000007,67.13,59,788,3200,7,"Sucesso"
Aleatorio,AVL,Busca,100,0.000002,16.63,59,1728,3200,7,"Sucesso"
Aleatorio,AVL,Remocao,100,0.000004,78.76,81,2295,1600,6,"Sucesso"
Aleatorio,BST,Insercao,100,0.000008,77.23,0,903,2400,14,"Sucesso"
Aleatorio,BST,Busca,100,0.000003,28.77,0,2006,2400,14,"Sucesso"
Aleatorio,BST,Remocao,100,0.000003,59.17,0,2575,1200,9,"Sucesso"
Aleatorio,Splay,Insercao,100,0.000016,160.07,659,992,3200,14,"Sucesso"
Aleatorio,Splay,Busca,100,0.000015,148.34,1498,2770,3200,14,"Sucesso"
Aleatorio,Splay,Remocao,100,0.000009,170.38,1971,3858,1600,12,"Sucesso"
Aleatorio,Treap,Insercao,100,0.000010,104.97,149,1457,3200,12,"Sucesso"
Aleatorio,Treap,Busca,100,0.000004,42.95,149,2402,3200,12,"Sucesso"
Aleatorio,Treap,Remocao,100,0.000005,98.96,230,3118,0,12,"Sucesso"
Ordenado,AVL,Insercao,100,0.000007,69.27,93,1146,3200,6,"Sucesso"
Ordenado,AVL,Busca,100,0.000002,16.73,93,2075,3200,6,"Sucesso"
Ordenado,AVL,Remocao,100,0.000007,132.01,116,2413,1600,5,"Sucesso"
Ordenado,BST,Insercao,100,0.000031,305.55,0,9900,2400,99,"Sucesso"
Ordenado,BST,Busca,100,0.000011,109.16,0,20000,2400,99,"Sucesso"
Ordenado,BST,Remocao,100,0.000001,21.22,0,20150,1200,49,"Sucesso"
Ordenado,Splay,Insercao,100,0.000004,39.48,99,198,3200,99,"Sucesso"
Ordenado,Splay,Busca,100,0.000005,45.09,515,1130,3200,99,"Sucesso"
Ordenado,Splay,Remocao,100,0.000008,151.19,774,1848,1600,6,"Sucesso"
Ordenado,Treap,Insercao,100,0.000013,130.89,95,1074,3200,13,"Sucesso"
Ordenado,Treap,Busca,100,0.000007,68.05,95,2064,3200,13,"Sucesso"
Ordenado,Treap,Remocao,100,0.000006,110.18,144,2550,0,9,"Sucesso"
Decrescente,AVL,Insercao,100,0.000007,73.76,93,573,3200,6,"Sucesso"
Decrescente,AVL,Busca,100,0.000002,15.71,93,1484,3200,6,"Sucesso"
Decrescente,AVL,Remocao,100,0.000003,63.86,116,2035,1600,5,"Sucesso"
Decrescente,BST,Insercao,100,0.000033,334.52,0,4950,2400,99,"Sucesso"
Decrescente,BST,Busca,100,0.000036,362.37,0,10100,2400,99,"Sucesso"
Decrescente,BST,Remocao,100,0.000002,31.01,0,10250,1200,49,"Sucesso"
Decrescente,Splay,Insercao,100,0.000003,28.36,99,99,3200,99,"Sucesso"
Decrescente,Splay,Busca,100,0.000005,53.66,515,1031,3200,99,"Sucesso"
Decrescente,Splay,Remocao,100,0.000003,57.33,774,1699,1600,6,"Sucesso"
Decrescente,Treap,Insercao,100,0.000009,94.06,97,774,3200,12,"Sucesso"
Decrescente,Treap,Busca,100,0.000004,43.97,97,1970,3200,12,"Sucesso"
Decrescente,Treap,Remocao,100,0.000004,85.49,148,2683,0,9,"Sucesso"
Decrescente,Trie,Insercao,100,0.000123,1226.47,0,4794,26568,23,"Sucesso"
Decrescente,Trie,Busca,100,0.000097,965.51,0,9588,26568,23,"Sucesso"
Decrescente,Trie,Remocao,100,0.000072,1449.28,0,28259,15768,23,"Sucesso"
Decrescente,Patricia,Insercao,100,0.000143,1434.08,0,2697,26862,2,"Sucesso"
Decrescente,Patricia,Busca,100,0.000144,1442.75,0,5785,26862,2,"Sucesso"
Decrescente,Patricia,Remocao,100,0.000076,1528.04,0,11206,13697,2,"Sucesso"
Ordenado,Trie,Insercao,100,0.000126,1261.67,0,4384,25704,21,"Sucesso"
Ordenado,Trie,Busca,100,0.000136,1355.94,0,8768,25704,21,"Sucesso"
Ordenado,Trie,Remocao,100,0.000070,1391.95,0,23201,15336,21,"Sucesso"
Ordenado,Patricia,Insercao,100,0.000137,1370.01,0,2850,26574,3,"Sucesso"
Ordenado,Patricia,Busca,100,0.000132,1319.31,0,6018,26574,3,"Sucesso"
Ordenado,Patricia,Remocao,100,0.000070,1397.05,0,12563,13946,3,"Sucesso"
Aleatorio,Trie,Insercao,100,0.000130,1300.03,0,5120,141264,33,"Sucesso"
Aleatorio,Trie,Busca,100,0.000086,855.43,0,10240,141264,33,"Sucesso"
Aleatorio,Trie,Remocao,100,0.000074,1473.57,0,30251,98496,33,"Sucesso"
Aleatorio,Patricia,Insercao,100,0.000182,1822.78,0,2740,39018,5,"Sucesso"
Aleatorio,Patricia,Busca,100,0.000164,1643.73,0,6342,39018,5,"Sucesso"
Aleatorio,Patricia,Remocao,100,0.000110,2203.41,0,13342,19172,4,"Sucesso"
Aleatorio,KDTree,Insercao,100,0.000013,126.81,0,1758,6400,11,"Dimensao=2"
Aleatorio,KDTree,Busca,100,0.000008,79.27,0,3816,6400,11,"Dimensao=2"
Aleatorio,KDTree,Remocao,5,0.000001,216.26,0,4030,6080,11,"Dimensao=2"
Clusterizado,KDTree,Insercao,100,0.000012,121.20,0,1704,7200,10,"Dimensao=3"
Clusterizado,KDTree,Busca,100,0.000006,63.15,0,3808,7200,10,"Dimensao=3"
Clusterizado,KDTree,Remocao,5,0.000001,210.16,0,4084,6840,10,"Dimensao=3"
Diagonal,KDTree,Insercao,100,0.000047,465.21,0,14850,8000,99,"Dimensao=4"
Diagonal,KDTree,Busca,100,0.000038,383.59,0,30200,8000,99,"Dimensao=4"
Diagonal,KDTree,Remocao,5,0.000021,4168.50,0,37930,7600,94,"Dimensao=4"
Aleatorio,AVL,Insercao,1000,0.000113,113.35,717,13129,32000,11,"Sucesso"
Aleatorio,AVL,Busca,1000,0.000052,51.97,717,27362,32000,11,"Sucesso"
Aleatorio,AVL,Remocao,1000,0.000065,130.38,923,35637,16000,10,"Sucesso"
Aleatorio,BST,Insercao,1000,0.000085,85.19,0,15174,24000,20,"Sucesso"
Aleatorio,BST,Busca,1000,0.000061,61.11,0,32348,24000,20,"Sucesso"
Aleatorio,BST,Remocao,1000,0.000044,87.61,0,41362,12000,17,"Sucesso"
Aleatorio,Splay,Insercao,1000,0.000284,283.67,11351,17069,32000,24,"Sucesso"
Aleatorio,Splay,Busca,1000,0.000261,261.21,24403,44173,32000,24,"Sucesso"
Aleatorio,Splay,Remocao,1000,0.000154,308.08,32321,60633,16000,21,"Sucesso"
Aleatorio,Treap,Insercao,1000,0.000158,157.66,1965,26282,32000,21,"Sucesso"
Aleatorio,Treap,Busca,1000,0.000071,71.29,1965,42992,32000,21,"Sucesso"
Aleatorio,Treap,Remocao,1000,0.000074,147.38,2929,54496,0,17,"Sucesso"
Ordenado,AVL,Insercao,1000,0.000106,106.24,990,17954,32000,9,"Sucesso"
Ordenado,AVL,Busca,1000,0.000051,51.04,990,31978,32000,9,"Sucesso"
Ordenado,AVL,Remocao,1000,0.000063,125.69,1238,36469,16000,9,"Sucesso"
Ordenado,BST,Insercao,1000,0.002025,2025.43,0,999000,24000,999,"Sucesso"
Ordenado,BST,Busca,1000,0.000807,807.33,0,2000000,24000,999,"Sucesso"
Ordenado,BST,Remocao,1000,0.000008,16.10,0,2001500,12000,499,"Sucesso"
Ordenado,Splay,Insercao,1000,0.000032,32.09,999,1998,32000,999,"Sucesso"
Ordenado,Splay,Busca,1000,0.000038,38.13,5373,11746,32000,999,"Sucesso"
Ordenado,Splay,Remocao,1000,0.000031,61.17,8067,19134,16000,10,"Sucesso"
Ordenado,Treap,Insercao,1000,0.000067,66.65,995,18510,32000,20,"Sucesso"
Ordenado,Treap,Busca,1000,0.000043,43.13,995,35151,32000,20,"Sucesso"
Ordenado,Treap,Remocao,1000,0.000024,47.48,1493,40375,0,17,"Sucesso"
Decrescente,AVL,Insercao,1000,0.000094,94.30,990,8977,32000,9,"Sucesso"
Decrescente,AVL,Busca,1000,0.000038,38.13,990,22914,32000,9,"Sucesso"
Decrescente,AVL,Remocao,1000,0.000036,72.45,1238,30646,16000,9,"Sucesso"
Decrescente,BST,Insercao,1000,0.002043,2042.97,0,499500,24000,999,"Sucesso"
Decrescente,BST,Busca,1000,0.000843,842.64,0,1001000,24000,999,"Sucesso"
Decrescente,BST,Remocao,1000,0.000009,18.97,0,1002500,12000,499,"Sucesso"
Decrescente,Splay,Insercao,1000,0.000029,28.63,999,999,32000,999,"Sucesso"
Decrescente,Splay,Busca,1000,0.000036,36.28,5373,10747,32000,999,"Sucesso"
Decrescente,Splay,Remocao,1000,0.000030,60.15,8067,17635,16000,10,"Sucesso"
Decrescente,Treap,Insercao,1000,0.000070,70.38,993,12618,32000,19,"Sucesso"
Decrescente,Treap,Busca,1000,0.000052,51.88,993,28900,32000,19,"Sucesso"
Decrescente,Treap,Remocao,1000,0.000029,58.99,1491,37078,0,16,"Sucesso"
Decrescente,Trie,Insercao,1000,0.001189,1188.62,0,48596,220752,24,"Sucesso"
Decrescente,Trie,Busca,1000,0.001013,1013.33,0,97192,220752,24,"Sucesso"
Decrescente,Trie,Remocao,1000,0.000593,1186.73,0,273070,112752,24,"Sucesso"
Decrescente,Patricia,Insercao,1000,0.001222,1221.67,0,29207,263299,3,"Sucesso"
Decrescente,Patricia,Busca,1000,0.001042,1042.22,0,61399,263299,3,"Sucesso"
Decrescente,Patricia,Remocao,1000,0.000558,1115.13,0,115377,131784,3,"Sucesso"
Ordenado,Trie,Insercao,1000,0.000898,898.31,0,42596,220104,21,"Sucesso"
Ordenado,Trie,Busca,1000,0.000808,807.64,0,85192,220104,21,"Sucesso"
Ordenado,Trie,Remocao,1000,0.000490,981.00,0,232274,112320,20,"Sucesso"
Ordenado,Patricia,Insercao,1000,0.001160,1159.88,0,26174,263274,3,"Sucesso"
Ordenado,Patricia,Busca,1000,0.000996,995.69,0,55366,263274,3,"Sucesso"
Ordenado,Patricia,Remocao,1000,0.000521,1042.88,0,116978,132033,2,"Sucesso"
Aleatorio,Trie,Insercao,1000,0.001167,1166.55,0,51320,538704,33,"Sucesso"
Aleatorio,Trie,Busca,1000,0.000737,736.90,0,102640,538704,33,"Sucesso"
Aleatorio,Trie,Remocao,1000,0.000501,1001.87,0,280379,342144,33,"Sucesso"
Aleatorio,Patricia,Insercao,1000,0.001102,1102.30,0,34448,342294,7,"Sucesso"
Aleatorio,Patricia,Busca,1000,0.001009,1009.49,0,73492,342294,7,"Sucesso"
Aleatorio,Patricia,Remocao,1000,0.000546,1091.52,0,157446,183610,7,"Sucesso"
Aleatorio,KDTree,Insercao,1000,0.000229,228.95,0,31533,64000,21,"Dimensao=2"
Aleatorio,KDTree,Busca,1000,0.000150,149.95,0,66066,64000,21,"Dimensao=2"
Aleatorio,KDTree,Remocao,50,0.000016,315.44,0,69367,60800,21,"Dimensao=2"
Clusterizado,KDTree,Insercao,1000,0.000225,224.79,0,32103,72000,20,"Dimensao=3"
Clusterizado,KDTree,Busca,1000,0.000146,145.64,0,68206,72000,20,"Dimensao=3"
Clusterizado,KDTree,Remocao,50,0.000027,534.37,0,73097,68400,20,"Dimensao=3"
Diagonal,KDTree,Insercao,1000,0.003724,3724.42,0,1498500,80000,999,"Dimensao=4"
Diagonal,KDTree,Busca,1000,0.002539,2538.56,0,3002000,80000,999,"Dimensao=4"
Diagonal,KDTree,Remocao,50,0.001737,34748.93,0,3781300,76000,949,"Dimensao=4"
Aleatorio,AVL,Insercao,10000,0.002271,227.06,6973,181999,316960,15,"Sucesso"
Aleatorio,AVL,Busca,10000,0.001499,149.91,6973,374395,316960,15,"Sucesso"
Aleatorio,AVL,Remocao,10000,0.001377,275.32,9048,483154,157536,14,"Sucesso"
Aleatorio,BST,Insercao,10000,0.001832,183.19,0,221734,237720,30,"Sucesso"
Aleatorio,BST,Busca,10000,0.001118,111.84,0,463373,237720,30,"Sucesso"
Aleatorio,BST,Remocao,10000,0.000802,160.45,0,587038,118152,25,"Sucesso"
Aleatorio,Splay,Insercao,10000,0.004480,448.02,161456,242593,316960,31,"Sucesso"
Aleatorio,Splay,Busca,10000,0.004110,411.00,340535,610751,316960,31,"Sucesso"
Aleatorio,Splay,Remocao,10000,0.002372,474.32,455551,838250,157536,32,"Sucesso"
Aleatorio,Treap,Insercao,10000,0.002133,213.31,19365,380087,316960,29,"Sucesso"
Aleatorio,Treap,Busca,10000,0.001340,133.97,19365,610494,316960,29,"Sucesso"
Aleatorio,Treap,Remocao,10000,0.001041,208.23,29447,753640,0,26,"Sucesso"
Ordenado,AVL,Insercao,10000,0.001362,136.19,9986,247234,320000,13,"Sucesso"
Ordenado,AVL,Busca,10000,0.000627,62.73,9986,436210,320000,13,"Sucesso"
Ordenado,AVL,Remocao,10000,0.000682,136.46,12483,493006,160000,12,"Sucesso"
Ordenado,Splay,Insercao,10000,0.000782,78.18,9999,19998,320000,9999,"Sucesso"
Ordenado,Splay,Busca,10000,0.000839,83.86,54111,118222,320000,9999,"Sucesso"
Ordenado,Splay,Remocao,10000,0.002540,508.06,81182,192364,160000,15,"Sucesso"
Ordenado,Treap,Insercao,10000,0.002271,227.11,9990,261993,320000,32,"Sucesso"
Ordenado,Treap,Busca,10000,0.000879,87.90,9990,506660,320000,32,"Sucesso"
Ordenado,Treap,Remocao,10000,0.000555,110.97,14993,579842,0,25,"Sucesso"
Decrescente,AVL,Insercao,10000,0.001930,193.02,9986,123617,320000,13,"Sucesso"
Decrescente,AVL,Busca,10000,0.000711,71.15,9986,315534,320000,13,"Sucesso"
Decrescente,AVL,Remocao,10000,0.000796,159.16,12483,416626,160000,12,"Sucesso"
Decrescente,Splay,Insercao,10000,0.000369,36.88,9999,9999,320000,9999,"Sucesso"
Decrescente,Splay,Busca,10000,0.000578,57.76,54111,108223,320000,9999,"Sucesso"
Decrescente,Splay,Remocao,10000,0.000511,102.24,81182,177365,160000,15,"Sucesso"
Decrescente,Treap,Insercao,10000,0.000882,88.18,9991,179224,320000,29,"Sucesso"
Decrescente,Treap,Busca,10000,0.000589,58.91,9991,426425,320000,29,"Sucesso"
Decrescente,Treap,Remocao,10000,0.000334,66.71,14996,532588,0,24,"Sucesso"
Decrescente,Trie,Insercao,10000,0.011444,1144.36,0,501960,2172096,25,"Sucesso"
Decrescente,Trie,Busca,10000,0.009099,909.91,0,1003920,2172096,25,"Sucesso"
Decrescente,Trie,Remocao,10000,0.005318,1063.52,0,2739946,1088424,25,"Sucesso"
Decrescente,Patricia,Insercao,10000,0.012500,1250.04,0,330231,2633201,5,"Sucesso"
Decrescente,Patricia,Busca,10000,0.011912,1191.22,0,696151,2633201,5,"Sucesso"
Decrescente,Patricia,Remocao,10000,0.006346,1269.17,0,1455221,1316602,4,"Sucesso"
Ordenado,Trie,Insercao,10000,0.010739,1073.91,0,421960,2171232,21,"Sucesso"
Ordenado,Trie,Busca,10000,0.009449,944.94,0,843920,2171232,21,"Sucesso"
Ordenado,Trie,Remocao,10000,0.005650,1129.91,0,2376501,1086912,21,"Sucesso"
Ordenado,Patricia,Insercao,10000,0.013412,1341.17,0,289875,2633170,5,"Sucesso"
Ordenado,Patricia,Busca,10000,0.012469,1246.88,0,615795,2633170,5,"Sucesso"
Ordenado,Patricia,Remocao,10000,0.006730,1345.94,0,1319715,1316848,5,"Sucesso"
Aleatorio,Trie,Insercao,10000,0.016545,1654.46,0,517012,2951640,33,"Sucesso"
Aleatorio,Trie,Busca,10000,0.012631,1263.14,0,1034024,2951640,33,"Sucesso"
Aleatorio,Trie,Remocao,10000,0.007529,1505.85,0,2740923,1756080,33,"Sucesso"
Aleatorio,Patricia,Insercao,10000,0.011953,1195.28,0,379945,3305555,7,"Sucesso"
Aleatorio,Patricia,Busca,10000,0.010664,1066.41,0,792958,3305555,7,"Sucesso"
Aleatorio,Patricia,Remocao,10000,0.006487,1297.32,0,1729529,1691692,7,"Sucesso"
Aleatorio,KDTree,Insercao,10000,0.003333,333.33,0,457551,640000,31,"Dimensao=2"
Aleatorio,KDTree,Busca,10000,0.002526,252.55,0,945102,640000,31,"Dimensao=2"
Aleatorio,KDTree,Remocao,500,0.000268,535.78,0,986291,608000,31,"Dimensao=2"
Clusterizado,KDTree,Insercao,10000,0.003905,390.55,0,454338,720000,28,"Dimensao=3"
Clusterizado,KDTree,Busca,10000,0.002747,274.66,0,948676,720000,28,"Dimensao=3"
Clusterizado,KDTree,Remocao,500,0.000429,857.97,0,1010480,684000,28,"Dimensao=3"
Aleatorio,AVL,Insercao,100,0.000008,82.24,59,788,3200,7,"Sucesso"
Aleatorio,AVL,Busca,100,0.000002,22.11,59,1728,3200,7,"Sucesso"
Aleatorio,AVL,Remocao,100,0.000005,97.42,81,2295,1600,6,"Sucesso"
Aleatorio,BST,Insercao,100,0.000005,51.87,0,903,2400,14,"Sucesso"
Aleatorio,BST,Busca,100,0.000003,31.49,0,2006,2400,14,"Sucesso"
Aleatorio,BST,Remocao,100,0.000003,57.88,0,2575,1200,9,"Sucesso"
Aleatorio,Splay,Insercao,100,0.000017,165.70,659,992,3200,14,"Sucesso"
Aleatorio,Splay,Busca,100,0.000014,138.79,1498,2770,3200,14,"Sucesso"
Aleatorio,Splay,Remocao,100,0.000010,208.90,1971,3858,1600,12,"Sucesso"
Aleatorio,Treap,Insercao,100,0.000012,119.54,172,1548,3200,10,"Sucesso"
Aleatorio,Treap,Busca,100,0.000005,48.00,172,2496,3200,10,"Sucesso"
Aleatorio,Treap,Remocao,100,0.000005,108.84,279,3322,1600,13,"Sucesso"
Ordenado,AVL,Insercao,100,0.000009,89.68,93,1146,3200,6,"Sucesso"
Ordenado,AVL,Busca,100,0.000002,19.46,93,2075,3200,6,"Sucesso"
Ordenado,AVL,Remocao,100,0.000003,65.42,116,2413,1600,5,"Sucesso"
Ordenado,BST,Insercao,100,0.000021,208.50,0,9900,2400,99,"Sucesso"
Ordenado,BST,Busca,100,0.000007,73.88,0,20000,2400,99,"Sucesso"
Ordenado,BST,Remocao,100,0.000001,16.92,0,20150,1200,49,"Sucesso"
Ordenado,Splay,Insercao,100,0.000002,24.46,99,198,3200,99,"Sucesso"
Ordenado,Splay,Busca,100,0.000003,29.35,515,1130,3200,99,"Sucesso"
Ordenado,Splay,Remocao,100,0.000003,51.16,774,1848,1600,6,"Sucesso"
Ordenado,Treap,Insercao,100,0.000007,67.36,94,1458,3200,16,"Sucesso"
Ordenado,Treap,Busca,100,0.000004,38.11,94,2762,3200,16,"Sucesso"
Ordenado,Treap,Remocao,100,0.000004,82.14,147,3290,1600,10,"Sucesso"
Decrescente,AVL,Insercao,100,0.000009,87.84,93,573,3200,6,"Sucesso"
Decrescente,AVL,Busca,100,0.000002,16.51,93,1484,3200,6,"Sucesso"
Decrescente,AVL,Remocao,100,0.000003,60.94,116,2035,1600,5,"Sucesso"
Decrescente,BST,Insercao,100,0.000023,233.77,0,4950,2400,99,"Sucesso"
Decrescente,BST,Busca,100,0.000009,92.73,0,10100,2400,99,"Sucesso"
Decrescente,BST,Remocao,100,0.000001,16.92,0,10250,1200,49,"Sucesso"
Decrescente,Splay,Insercao,100,0.000003,26.80,99,99,3200,99,"Sucesso"
Decrescente,Splay,Busca,100,0.000003,29.96,515,1031,3200,99,"Sucesso"
Decrescente,Splay,Remocao,100,0.000003,50.14,774,1699,1600,6,"Sucesso"
Decrescente,Treap,Insercao,100,0.000010,99.66,94,732,3200,12,"Sucesso"
Decrescente,Treap,Busca,100,0.000004,35.98,94,1780,3200,12,"Sucesso"
Decrescente,Treap,Remocao,100,0.000002,47.69,141,2501,1600,9,"Sucesso"
Decrescente,Trie,Insercao,100,0.000131,1311.62,0,4794,26568,23,"Sucesso"
Decrescente,Trie,Busca,100,0.000100,1001.72,0,9588,26568,23,"Sucesso"
Decrescente,Trie,Remocao,100,0.000054,1088.95,0,28259,15768,23,"Sucesso"
Decrescente,Patricia,Insercao,100,0.000287,2868.62,0,2697,26862,2,"Sucesso"
Decrescente,Patricia,Busca,100,0.000308,3076.10,0,5785,26862,2,"Sucesso"
Decrescente,Patricia,Remocao,100,0.000191,3821.43,0,11206,13697,2,"Sucesso"
Ordenado,Trie,Insercao,100,0.000173,1733.50,0,4384,25704,21,"Sucesso"
Ordenado,Trie,Busca,100,0.000160,1596.74,0,8768,25704,21,"Sucesso"
Ordenado,Trie,Remocao,100,0.000086,1727.49,0,23201,15336,21,"Sucesso"
Ordenado,Patricia,Insercao,100,0.000217,2169.15,0,2850,26574,3,"Sucesso"
Ordenado,Patricia,Busca,100,0.000222,2220.00,0,6018,26574,3,"Sucesso"
Ordenado,Patricia,Remocao,100,0.000130,2609.58,0,12563,13946,3,"Sucesso"
Aleatorio,Trie,Insercao,100,0.000184,1838.06,0,5120,141264,33,"Sucesso"
Aleatorio,Trie,Busca,100,0.000140,1402.21,0,10240,141264,33,"Sucesso"
Aleatorio,Trie,Remocao,100,0.000091,1823.08,0,30251,98496,33,"Sucesso"
Aleatorio,Patricia,Insercao,100,0.000218,2176.69,0,2740,39018,5,"Sucesso"
Aleatorio,Patricia,Busca,100,0.000183,1834.69,0,6342,39018,5,"Sucesso"
Aleatorio,Patricia,Remocao,100,0.000089,1782.72,0,13342,19172,4,"Sucesso"
Aleatorio,KDTree,Insercao,100,0.000017,165.19,0,1758,6400,11,"Dimensao=2"
Aleatorio,KDTree,Busca,100,0.000012,124.12,0,3816,6400,11,"Dimensao=2"
Aleatorio,KDTree,Remocao,5,0.000001,256.78,0,4030,6080,11,"Dimensao=2"
Clusterizado,KDTree,Insercao,100,0.000016,162.44,0,1704,7200,10,"Dimensao=3"
Clusterizado,KDTree,Busca,100,0.000007,74.39,0,3808,7200,10,"Dimensao=3"
Clusterizado,KDTree,Remocao,5,0.000001,242.54,0,4084,6840,10,"Dimensao=3"
Diagonal,KDTree,Insercao,100,0.000046,458.98,0,14850,8000,99,"Dimensao=4"
Diagonal,KDTree,Busca,100,0.000030,298.68,0,30200,8000,99,"Dimensao=4"
Diagonal,KDTree,Remocao,5,0.000019,3813.30,0,37930,7600,94,"Dimensao=4"
Aleatorio,AVL,Insercao,1000,0.000128,127.73,717,13129,32000,11,"Sucesso"
Aleatorio,AVL,Busca,1000,0.000054,53.69,717,27362,32000,11,"Sucesso"
Aleatorio,AVL,Remocao,1000,0.000069,137.61,923,35637,16000,10,"Sucesso"
Aleatorio,BST,Insercao,1000,0.000087,87.27,0,15174,24000,20,"Sucesso"
Aleatorio,BST,Busca,1000,0.000054,54.36,0,32348,24000,20,"Sucesso"
Aleatorio,BST,Remocao,1000,0.000044,87.94,0,41362,12000,17,"Sucesso"
Aleatorio,Splay,Insercao,1000,0.000293,293.07,11351,17069,32000,24,"Sucesso"
Aleatorio,Splay,Busca,1000,0.000266,266.01,24403,44173,32000,24,"Sucesso"
Aleatorio,Splay,Remocao,1000,0.000158,315.23,32321,60633,16000,21,"Sucesso"
Aleatorio,Treap,Insercao,1000,0.000185,185.28,1997,27000,32000,24,"Sucesso"
Aleatorio,Treap,Busca,1000,0.000077,77.01,1997,43777,32000,24,"Sucesso"
Aleatorio,Treap,Remocao,1000,0.000074,147.29,2963,54734,16000,20,"Sucesso"
Ordenado,AVL,Insercao,1000,0.000119,118.51,990,17954,32000,9,"Sucesso"
Ordenado,AVL,Busca,1000,0.000045,44.76,990,31978,32000,9,"Sucesso"
Ordenado,AVL,Remocao,1000,0.000049,98.09,1238,36469,16000,9,"Sucesso"
Ordenado,BST,Insercao,1000,0.002333,2332.56,0,999000,24000,999,"Sucesso"
Ordenado,BST,Busca,1000,0.000880,880.44,0,2000000,24000,999,"Sucesso"
Ordenado,BST,Remocao,1000,0.000009,18.57,0,2001500,12000,499,"Sucesso"
Ordenado,Splay,Insercao,1000,0.000033,32.52,999,1998,32000,999,"Sucesso"
Ordenado,Splay,Busca,1000,0.000037,36.76,5373,11746,32000,999,"Sucesso"
Ordenado,Splay,Remocao,1000,0.000033,66.63,8067,19134,16000,10,"Sucesso"
Ordenado,Treap,Insercao,1000,0.000067,67.16,992,20571,32000,22,"Sucesso"
Ordenado,Treap,Busca,1000,0.000042,42.22,992,39085,32000,22,"Sucesso"
Ordenado,Treap,Remocao,1000,0.000028,55.35,1496,44359,16000,20,"Sucesso"
Decrescente,AVL,Insercao,1000,0.000106,106.19,990,8977,32000,9,"Sucesso"
Decrescente,AVL,Busca,1000,0.000037,37.12,990,22914,32000,9,"Sucesso"
Decrescente,AVL,Remocao,1000,0.000034,67.71,1238,30646,16000,9,"Sucesso"
Decrescente,BST,Insercao,1000,0.002092,2092.03,0,499500,24000,999,"Sucesso"
Decrescente,BST,Busca,1000,0.000851,851.12,0,1001000,24000,999,"Sucesso"
Decrescente,BST,Remocao,1000,0.000009,18.40,0,1002500,12000,499,"Sucesso"
Decrescente,Splay,Insercao,1000,0.000028,28.29,999,999,32000,999,"Sucesso"
Decrescente,Splay,Busca,1000,0.000034,34.09,5373,10747,32000,999,"Sucesso"
Decrescente,Splay,Remocao,1000,0.000029,57.58,8067,17635,16000,10,"Sucesso"
Decrescente,Treap,Insercao,1000,0.000065,65.01,992,11610,32000,20,"Sucesso"
Decrescente,Treap,Busca,1000,0.000042,42.08,992,28621,32000,20,"Sucesso"
Decrescente,Treap,Remocao,1000,0.000026,51.22,1492,37767,16000,16,"Sucesso"
Decrescente,Trie,Insercao,1000,0.001031,1031.48,0,48596,220752,24,"Sucesso"
Decrescente,Trie,Busca,1000,0.000876,876.07,0,97192,220752,24,"Sucesso"
Decrescente,Trie,Remocao,1000,0.000543,1086.45,0,273070,112752,24,"Sucesso"
Decrescente,Patricia,Insercao,1000,0.001009,1008.98,0,29207,263299,3,"Sucesso"
Decrescente,Patricia,Busca,1000,0.000903,902.91,0,61399,263299,3,"Sucesso"
Decrescente,Patricia,Remocao,1000,0.000466,931.65,0,115377,131784,3,"Sucesso"
Ordenado,Trie,Insercao,1000,0.000793,793.35,0,42596,220104,21,"Sucesso"
Ordenado,Trie,Busca,1000,0.000695,695.37,0,85192,220104,21,"Sucesso"
Ordenado,Trie,Remocao,1000,0.000417,833.70,0,232274,112320,20,"Sucesso"
Ordenado,Patricia,Insercao,1000,0.000977,977.04,0,26174,263274,3,"Sucesso"
Ordenado,Patricia,Busca,1000,0.000886,885.66,0,55366,263274,3,"Sucesso"
Ordenado,Patricia,Remocao,1000,0.000461,922.20,0,116978,132033,2,"Sucesso"
Aleatorio,Trie,Insercao,1000,0.001086,1085.84,0,51320,538704,33,"Sucesso"
Aleatorio,Trie,Busca,1000,0.000752,752.44,0,102640,538704,33,"Sucesso"
Aleatorio,Trie,Remocao,1000,0.000530,1059.87,0,280379,342144,33,"Sucesso"
Aleatorio,Patricia,Insercao,1000,0.001102,1101.79,0,34448,342294,7,"Sucesso"
Aleatorio,Patricia,Busca,1000,0.001013,1012.88,0,73492,342294,7,"Sucesso"
Aleatorio,Patricia,Remocao,1000,0.000529,1057.28,0,157446,183610,7,"Sucesso"
Aleatorio,KDTree,Insercao,1000,0.000222,221.72,0,31533,64000,21,"Dimensao=2"
Aleatorio,KDTree,Busca,1000,0.000155,155.07,0,66066,64000,21,"Dimensao=2"
Aleatorio,KDTree,Remocao,50,0.000017,345.86,0,69367,60800,21,"Dimensao=2"
Clusterizado,KDTree,Insercao,1000,0.000228,228.09,0,32103,72000,20,"Dimensao=3"
Clusterizado,KDTree,Busca,1000,0.000153,153.30,0,68206,72000,20,"Dimensao=3"
Clusterizado,KDTree,Remocao,50,0.000025,495.66,0,73097,68400,20,"Dimensao=3"
Diagonal,KDTree,Insercao,1000,0.003714,3713.98,0,1498500,80000,999,"Dimensao=4"
Diagonal,KDTree,Busca,1000,0.002604,2603.73,0,3002000,80000,999,"Dimensao=4"
Diagonal,KDTree,Remocao,50,0.001838,36756.25,0,3781300,76000,949,"Dimensao=4"
Aleatorio,AVL,Insercao,10000,0.002708,270.81,6973,181999,316960,15,"Sucesso"
Aleatorio,AVL,Busca,10000,0.001491,149.10,6973,374395,316960,15,"Sucesso"
Aleatorio,AVL,Remocao,10000,0.001516,303.27,9048,483154,157536,14,"Sucesso"
Aleatorio,BST,Insercao,10000,0.001658,165.84,0,221734,237720,30,"Sucesso"
Aleatorio,BST,Busca,10000,0.001146,114.64,0,463373,237720,30,"Sucesso"
Aleatorio,BST,Remocao,10000,0.000795,159.04,0,587038,118152,25,"Sucesso"
Aleatorio,Splay,Insercao,10000,0.003366,336.62,161456,242593,316960,31,"Sucesso"
Aleatorio,Splay,Busca,10000,0.003191,319.08,340535,610751,316960,31,"Sucesso"
Aleatorio,Splay,Remocao,10000,0.001769,353.75,455551,838250,157536,32,"Sucesso"
Aleatorio,Treap,Insercao,10000,0.001921,192.09,19756,390297,316960,31,"Sucesso"
Aleatorio,Treap,Busca,10000,0.001082,108.19,19756,641382,316960,31,"Sucesso"
Aleatorio,Treap,Remocao,10000,0.000866,173.18,29931,794415,157536,26,"Sucesso"
Ordenado,AVL,Insercao,10000,0.001102,110.21,9986,247234,320000,13,"Sucesso"
Ordenado,AVL,Busca,10000,0.000437,43.69,9986,436210,320000,13,"Sucesso"
Ordenado,AVL,Remocao,10000,0.000469,93.82,12483,493006,160000,12,"Sucesso"
Ordenado,Splay,Insercao,10000,0.000278,27.81,9999,19998,320000,9999,"Sucesso"
Ordenado,Splay,Busca,10000,0.000479,47.91,54111,118222,320000,9999,"Sucesso"
Ordenado,Splay,Remocao,10000,0.000372,74.50,81182,192364,160000,15,"Sucesso"
Ordenado,Treap,Insercao,10000,0.000785,78.48,9993,248370,320000,31,"Sucesso"
Ordenado,Treap,Busca,10000,0.000466,46.65,9993,482043,320000,31,"Sucesso"
Ordenado,Treap,Remocao,10000,0.000244,48.89,14987,547304,160000,31,"Sucesso"
Decrescente,AVL,Insercao,10000,0.001071,107.07,9986,123617,320000,13,"Sucesso"
Decrescente,AVL,Busca,10000,0.000433,43.35,9986,315534,320000,13,"Sucesso"
Decrescente,AVL,Remocao,10000,0.000462,92.32,12483,416626,160000,12,"Sucesso"
Decrescente,Splay,Insercao,10000,0.000291,29.07,9999,9999,320000,9999,"Sucesso"
Decrescente,Splay,Busca,10000,0.000420,42.04,54111,108223,320000,9999,"Sucesso"
Decrescente,Splay,Remocao,10000,0.000405,81.02,81182,177365,160000,15,"Sucesso"
Decrescente,Treap,Insercao,10000,0.000831,83.06,9988,199804,320000,32,"Sucesso"
Decrescente,Treap,Busca,10000,0.000570,57.00,9988,438704,320000,32,"Sucesso"
Decrescente,Treap,Remocao,10000,0.000323,64.59,14989,537551,160000,29,"Sucesso"
Decrescente,Trie,Insercao,10000,0.010728,1072.85,0,501960,2172096,25,"Sucesso"
Decrescente,Trie,Busca,10000,0.009413,941.29,0,1003920,2172096,25,"Sucesso"
Decrescente,Trie,Remocao,10000,0.005334,1066.86,0,2739946,1088424,25,"Sucesso"
Decrescente,Patricia,Insercao,10000,-0.048516,-4851.56,0,330231,2633201,5,"Sucesso"
Decrescente,Patricia,Busca,10000,0.013541,1354.06,0,696151,2633201,5,"Sucesso"
Decrescente,Patricia,Remocao,10000,0.006945,1388.90,0,1455221,1316602,4,"Sucesso"
Ordenado,Trie,Insercao,10000,0.011685,1168.50,0,421960,2171232,21,"Sucesso"
Ordenado,Trie,Busca,10000,0.010161,1016.13,0,843920,2171232,21,"Sucesso"
Ordenado,Trie,Remocao,10000,0.005967,1193.48,0,2376501,1086912,21,"Sucesso"
Ordenado,Patricia,Insercao,10000,0.014129,1412.86,0,289875,2633170,5,"Sucesso"
Ordenado,Patricia,Busca,10000,0.012881,1288.06,0,615795,2633170,5,"Sucesso"
Ordenado,Patricia,Remocao,10000,0.006828,1365.68,0,1319715,1316848,5,"Sucesso"
Aleatorio,Trie,Insercao,10000,0.020259,2025.88,0,517012,2951640,33,"Sucesso"
Aleatorio,Trie,Busca,10000,0.016408,1640.84,0,1034024,2951640,33,"Sucesso"
Aleatorio,Trie,Remocao,10000,0.010507,2101.36,0,2740923,1756080,33,"Sucesso"
Aleatorio,Patricia,Insercao,10000,0.029168,2916.78,0,379945,3305555,7,"Sucesso"
Aleatorio,Patricia,Busca,10000,0.020589,2058.87,0,792958,3305555,7,"Sucesso"
Aleatorio,Patricia,Remocao,10000,0.014893,2978.55,0,1729529,1691692,7,"Sucesso"
Aleatorio,KDTree,Insercao,10000,0.005504,550.44,0,457551,640000,31,"Dimensao=2"
Aleatorio,KDTree,Busca,10000,0.004197,419.72,0,945102,640000,31,"Dimensao=2"
Aleatorio,KDTree,Remocao,500,0.000497,993.43,0,986291,608000,31,"Dimensao=2"
Clusterizado,KDTree,Insercao,10000,0.005201,520.15,0,454338,720000,28,"Dimensao=3"
Clusterizado,KDTree,Busca,10000,0.003944,394.44,0,948676,720000,28,"Dimensao=3"
Clusterizado,KDTree,Remocao,500,0.000574,1148.06,0,1010480,684000,28,"Dimensao=3"
Diagonal,KDTree,Insercao,10000,0.632995,63299.52,0,149985000,800000,9999,"Dimensao=4"
Diagonal,KDTree,Busca,10000,0.409618,40961.77,0,300020000,800000,9999,"Dimensao=4"
Diagonal,KDTree,Remocao,500,0.256058,512115.35,0,378013000,760000,9499,"Dimensao=4"
Aleatorio,AVL,Insercao,50000,0.015024,300.48,33139,1082263,1518080,18,"Sucesso"
Aleatorio,AVL,Busca,50000,0.008527,170.54,33139,2229452,1518080,18,"Sucesso"
Aleatorio,AVL,Remocao,50000,0.008319,332.76,43630,2853151,738400,17,"Sucesso"
Aleatorio,BST,Insercao,50000,0.014509,290.18,0,1342802,1138560,34,"Sucesso"
Aleatorio,BST,Busca,50000,0.010164,203.27,0,2783044,1138560,34,"Sucesso"
Aleatorio,BST,Remocao,50000,0.006504,260.14,0,3519257,553800,31,"Sucesso"
Aleatorio,Splay,Insercao,50000,0.027453,549.07,971423,1460050,1518080,39,"Sucesso"
Aleatorio,Splay,Busca,50000,0.027055,541.11,2025336,3617876,1518080,39,"Sucesso"
Aleatorio,Splay,Remocao,50000,0.014729,589.14,2715740,4957699,738400,38,"Sucesso"
Aleatorio,Treap,Insercao,50000,0.017902,358.05,94973,2369116,1518080,37,"Sucesso"
Aleatorio,Treap,Busca,50000,0.012481,249.63,94973,3783049,1518080,37,"Sucesso"
Aleatorio,Treap,Remocao,50000,0.008084,323.38,144004,4603594,738400,33,"Sucesso"
Ordenado,AVL,Insercao,50000,0.005760,115.21,49984,1468930,1600000,15,"Sucesso"
Ordenado,AVL,Busca,50000,0.002111,42.22,49984,2601876,1600000,15,"Sucesso"
Ordenado,AVL,Remocao,50000,0.002573,102.93,62480,2939584,800000,14,"Sucesso"
Ordenado,Splay,Insercao,50000,0.001471,29.42,49999,99998,1600000,49999,"Sucesso"
Ordenado,Splay,Busca,50000,0.003086,61.72,270687,591374,1600000,49999,"Sucesso"
Ordenado,Splay,Remocao,50000,0.002476,99.04,406050,962100,800000,18,"Sucesso"
Ordenado,Treap,Insercao,50000,0.003719,74.38,49991,1558668,1600000,38,"Sucesso"
Ordenado,Treap,Busca,50000,0.002806,56.12,49991,3029655,1600000,38,"Sucesso"
Ordenado,Treap,Remocao,50000,0.001609,64.35,74994,3408547,800000,34,"Sucesso"
Decrescente,AVL,Insercao,50000,0.007077,141.53,49984,734465,1600000,15,"Sucesso"
Decrescente,AVL,Busca,50000,0.002500,50.00,49984,1854962,1600000,15,"Sucesso"
Decrescente,AVL,Remocao,50000,0.003021,120.82,62480,2467878,800000,14,"Sucesso"
Decrescente,Splay,Insercao,50000,0.001496,29.93,49999,49999,1600000,49999,"Sucesso"
Decrescente,Splay,Busca,50000,0.002907,58.15,270687,541375,1600000,49999,"Sucesso"
Decrescente,Splay,Remocao,50000,0.002315,92.59,406050,887101,800000,18,"Sucesso"
Decrescente,Treap,Insercao,50000,0.003841,76.83,49987,1011416,1600000,40,"Sucesso"
Decrescente,Treap,Busca,50000,0.002653,53.07,49987,2537697,1600000,40,"Sucesso"
Decrescente,Treap,Remocao,50000,0.001632,65.29,74986,3252974,800000,35,"Sucesso"
Decrescente,Trie,Insercao,50000,0.052286,1045.71,0,2449800,10858968,29,"Sucesso"
Decrescente,Trie,Busca,50000,0.047482,949.63,0,4899600,10858968,29,"Sucesso"
Decrescente,Trie,Remocao,50000,0.028669,1146.77,0,12866391,5431320,29,"Sucesso"
Decrescente,Patricia,Insercao,50000,0.062986,1259.71,0,1741161,13166243,6,"Sucesso"
Decrescente,Patricia,Busca,50000,0.051577,1031.54,0,3690761,13166243,6,"Sucesso"
Decrescente,Patricia,Remocao,50000,0.028425,1136.99,0,8068111,6583255,6,"Sucesso"
Ordenado,Trie,Insercao,50000,0.052369,1047.37,0,2709800,10861560,33,"Sucesso"
Ordenado,Trie,Busca,50000,0.045524,910.48,0,5419600,10861560,33,"Sucesso"
Ordenado,Trie,Remocao,50000,0.027517,1100.68,0,15365935,5432832,29,"Sucesso"
Ordenado,Patricia,Insercao,50000,0.065248,1304.96,0,1869352,13166490,7,"Sucesso"
Ordenado,Patricia,Busca,50000,0.054887,1097.74,0,4008952,13166490,7,"Sucesso"
Ordenado,Patricia,Remocao,50000,0.028124,1124.97,0,8664552,6583471,6,"Sucesso"
Aleatorio,Trie,Insercao,50000,0.058287,1165.75,0,2580856,10819008,33,"Sucesso"
Aleatorio,Trie,Busca,50000,0.048406,968.12,0,5161712,10819008,33,"Sucesso"
Aleatorio,Trie,Remocao,50000,0.029875,1195.02,0,13450717,5735448,33,"Sucesso"
Aleatorio,Patricia,Insercao,50000,0.065789,1315.79,0,1936407,13059735,7,"Sucesso"
Aleatorio,Patricia,Busca,50000,0.057141,1142.82,0,4010968,13059735,7,"Sucesso"
Aleatorio,Patricia,Remocao,50000,0.029489,1179.55,0,8784877,6861256,7,"Sucesso"
Aleatorio,KDTree,Insercao,50000,0.027721,554.41,0,2768009,3200000,38,"Dimensao=2"
Aleatorio,KDTree,Busca,50000,0.020829,416.58,0,5686018,3200000,38,"Dimensao=2"
Aleatorio,KDTree,Remocao,1000,0.000964,963.77,0,5791205,3136000,38,"Dimensao=2"
Clusterizado,KDTree,Insercao,50000,0.046592,931.83,0,2748641,3600000,36,"Dimensao=3"
Clusterizado,KDTree,Busca,50000,0.036656,733.12,0,5697282,3600000,36,"Dimensao=3"
Clusterizado,KDTree,Remocao,1000,0.002896,2895.93,0,5874975,3528000,36,"Dimensao=3"
Aleatorio,AVL,Insercao,100000,0.062694,626.94,62932,2291765,2880000,19,"Sucesso"
Aleatorio,AVL,Busca,100000,0.030673,306.73,62932,4724465,2880000,19,"Sucesso"
Aleatorio,AVL,Remocao,100000,0.028710,574.20,82995,6044004,1361920,18,"Sucesso"
Aleatorio,BST,Insercao,100000,0.039745,397.45,0,2875710,2160000,37,"Sucesso"
Aleatorio,BST,Busca,100000,0.029977,299.77,0,5941420,2160000,37,"Sucesso"
Aleatorio,BST,Remocao,100000,0.018209,364.19,0,7506260,1021440,33,"Sucesso"
Aleatorio,Splay,Insercao,100000,0.065871,658.71,2072691,3118890,2880000,42,"Sucesso"
Aleatorio,Splay,Busca,100000,0.065515,655.15,4300204,7673916,2880000,42,"Sucesso"
Aleatorio,Splay,Remocao,100000,0.033692,673.84,5765636,10505755,1361920,48,"Sucesso"
Aleatorio,Treap,Insercao,100000,-0.024202,-242.02,181241,5005244,2880000,41,"Sucesso"
Aleatorio,Treap,Busca,100000,0.030260,302.60,181241,8071609,2880000,41,"Sucesso"
Aleatorio,Treap,Remocao,100000,0.021016,420.32,275284,9811997,1361920,34,"Sucesso"
Ordenado,AVL,Insercao,100000,0.013860,138.60,99983,3137858,3200000,16,"Sucesso"
Ordenado,AVL,Busca,100000,0.005560,55.60,99983,5553733,3200000,16,"Sucesso"
Ordenado,AVL,Remocao,100000,0.007282,145.65,124979,6266649,1600000,15,"Sucesso"
Ordenado,Splay,Insercao,100000,0.003334,33.34,99999,199998,3200000,99999,"Sucesso"
Ordenado,Splay,Busca,100000,0.008554,85.54,541425,1182850,3200000,99999,"Sucesso"
Ordenado,Splay,Remocao,100000,0.006995,139.90,812158,1924316,1600000,18,"Sucesso"
Ordenado,Treap,Insercao,100000,0.008429,84.29,99990,3249618,3200000,40,"Sucesso"
Ordenado,Treap,Busca,100000,0.006009,60.09,99990,6310353,3200000,40,"Sucesso"
Ordenado,Treap,Remocao,100000,0.003649,72.97,149990,7109065,1600000,36,"Sucesso"
Decrescente,AVL,Insercao,100000,0.016778,167.78,99983,1568929,3200000,16,"Sucesso"
Decrescente,AVL,Busca,100000,0.006087,60.87,99983,3959892,3200000,16,"Sucesso"
Decrescente,AVL,Remocao,100000,0.007284,145.67,124979,5260724,1600000,15,"Sucesso"
Decrescente,Splay,Insercao,100000,0.003507,35.07,99999,99999,3200000,99999,"Sucesso"
Decrescente,Splay,Busca,100000,0.007529,75.29,541425,1082851,3200000,99999,"Sucesso"
Decrescente,Splay,Remocao,100000,0.006726,134.52,812158,1774317,1600000,18,"Sucesso"
Decrescente,Treap,Insercao,100000,0.009610,96.10,99987,2152858,3200000,42,"Sucesso"
Decrescente,Treap,Busca,100000,0.007407,74.07,99987,5302156,3200000,42,"Sucesso"
Decrescente,Treap,Remocao,100000,0.004232,84.63,149986,6635815,1600000,39,"Sucesso"
Decrescente,Trie,Insercao,100000,0.130239,1302.39,0,5159600,21720096,33,"Sucesso"
Decrescente,Trie,Busca,100000,0.112275,1122.75,0,10319200,21720096,33,"Sucesso"
Decrescente,Trie,Remocao,100000,0.053389,1067.79,0,25796051,10861560,33,"Sucesso"
Decrescente,Patricia,Insercao,100000,0.130490,1304.90,0,3702314,26332832,7,"Sucesso"
Decrescente,Patricia,Busca,100000,0.109899,1098.99,0,7851514,26332832,7,"Sucesso"
Decrescente,Patricia,Remocao,100000,0.058130,1162.60,0,16822214,13166588,7,"Sucesso"
Ordenado,Trie,Insercao,100000,0.114055,1140.55,0,5159600,21720096,33,"Sucesso"
Ordenado,Trie,Busca,100000,0.096904,969.04,0,10319200,21720096,33,"Sucesso"
Ordenado,Trie,Remocao,100000,0.057614,1152.28,0,29696208,10858968,29,"Sucesso"
Ordenado,Patricia,Insercao,100000,0.151220,1512.20,0,3668714,26332680,7,"Sucesso"
Ordenado,Patricia,Busca,100000,0.115305,1153.05,0,7817914,26332680,7,"Sucesso"
Ordenado,Patricia,Remocao,100000,0.062688,1253.76,0,17107114,13166138,6,"Sucesso"
Aleatorio,Trie,Insercao,100000,0.138417,1384.17,0,5161038,19648440,33,"Sucesso"
Aleatorio,Trie,Busca,100000,0.124075,1240.75,0,10322076,19648440,33,"Sucesso"
Aleatorio,Trie,Remocao,100000,0.069604,1392.09,0,26760900,9770328,33,"Sucesso"
Aleatorio,Patricia,Insercao,100000,0.195897,1958.97,0,3898065,23810386,7,"Sucesso"
Aleatorio,Patricia,Busca,100000,0.178495,1784.95,0,8047792,23810386,7,"Sucesso"
Aleatorio,Patricia,Remocao,100000,0.094754,1895.08,0,17561346,11782775,7,"Sucesso"
Aleatorio,KDTree,Insercao,100000,0.138291,1382.91,0,5949233,6400000,40,"Dimensao=2"
Aleatorio,KDTree,Busca,100000,0.097486,974.86,0,12198466,6400000,40,"Dimensao=2"
Aleatorio,KDTree,Remocao,1000,0.003042,3041.62,0,12321296,6336000,40,"Dimensao=2"
Clusterizado,KDTree,Insercao,100000,0.119876,1198.76,0,5911265,7200000,39,"Dimensao=3"
Clusterizado,KDTree,Busca,100000,0.097100,971.00,0,12222530,7200000,39,"Dimensao=3"
Clusterizado,KDTree,Remocao,1000,0.005476,5475.53,0,12457046,7128000,39,"Dimensao=3"
